NoControl,fecha
191130291,21/09/2022
201130050,21/09/2022
191130301,21/09/2022
191130289,21/09/2022
221130215,21/09/2022
221130268,21/09/2022
181130423,21/09/2022
221130219,21/09/2022
181130420,21/09/2022
221130529,21/09/2022
191130257,21/09/2022
221130270,21/09/2022
221130259,21/09/2022
201130071,22/09/2022
181130435,22/09/2022
191130242,22/09/2022
191130262,22/09/2022
221130273,22/09/2022
211130035,22/09/2022
221130271,22/09/2022
191130619,22/09/2022
181130386,22/09/2022
181130123,22/09/2022
221130290,22/09/2022
191130295,22/09/2022
191130266,22/09/2022
201130040,22/09/2022
181130398,22/09/2022
191130258,22/09/2022
191130331,22/09/2022
191130052,22/09/2022
181130406,22/09/2022
201130044,22/09/2022
181130432,23/09/2022
201130247,23/09/2022
191130313,23/09/2022
191130312,23/09/2022
191130237,23/09/2022
211130264,23/09/2022
191130286,23/09/2022
201130051,23/09/2022
201130036,23/09/2022
211130239,23/09/2022
211130183,23/09/2022
211130251,23/09/2022
211130050,23/09/2022
201130354,23/09/2022
191130271,23/09/2022
211130267,23/09/2022
191130308,23/09/2022
221130229,23/09/2022
181130463,23/09/2022
191130250,23/09/2022
191130276,23/09/2022
211130040,23/09/2022
191130267,23/09/2022
191130327,23/09/2022
191130278,23/09/2022
191130306,23/09/2022
181130393,23/09/2022
201130246,23/09/2022
211130044,23/09/2022
201130260,23/09/2022
201130253,23/09/2022
201130213,23/09/2022
191130273,23/09/2022
191130323,23/09/2022
221130280,23/09/2022
211130226,23/09/2022
181130433,23/09/2022
191130061,23/09/2022
211130217,23/09/2022
191130053,23/09/2022
181130426,23/09/2022
181130104,23/09/2022
191130119,23/09/2022
201130221,23/09/2022
191130044,23/09/2022
191130057,23/09/2022
181130465,23/09/2022
191130300,23/09/2022
201130039,23/09/2022
181130446,23/09/2022
211130216,23/09/2022
181130395,23/09/2022
191130325,23/09/2022
191130263,23/09/2022
191130248,23/09/2022
211130188,23/09/2022
221130233,23/09/2022
191130269,23/09/2022
221130221,23/09/2022
181130452,24/09/2022
211130218,24/09/2022
211130034,24/09/2022
201130217,24/09/2022
181130466,24/09/2022
181130107,24/09/2022
181130070,26/09/2022
221130284,26/09/2022
181130385,26/09/2022
201130240,26/09/2022
201130362,26/09/2022
201130360,26/09/2022
211130259,26/09/2022
211130093,26/09/2022
211130262,26/09/2022
211130196,26/09/2022
181130255,26/09/2022
221130260,26/09/2022
221130492,26/09/2022
221130218,26/09/2022
181130464,26/09/2022
221130275,26/09/2022
181130077,26/09/2022
181130094,26/09/2022
221130232,26/09/2022
191130042,26/09/2022
221130267,26/09/2022
181130415,26/09/2022
191130054,26/09/2022
221130302,26/09/2022
221130279,26/09/2022
181130445,26/09/2022
171130313,26/09/2022
211130234,27/09/2022
211130268,27/09/2022
221130265,27/09/2022
221130236,27/09/2022
221130224,27/09/2022
211130223,27/09/2022
221130276,27/09/2022
211130184,27/09/2022
221130231,28/09/2022
221130274,28/09/2022
221130223,28/09/2022
211130237,28/09/2022
221130247,28/09/2022
211130187,28/09/2022
211130255,28/09/2022
201130222,28/09/2022
211130206,28/09/2022
211130245,28/09/2022
211130198,28/09/2022
211130228,28/09/2022
211130186,28/09/2022
221130242,28/09/2022
211130192,28/09/2022
221130304,28/09/2022
221130264,28/09/2022
221130499,28/09/2022
211130257,28/09/2022
211130260,28/09/2022
211130236,28/09/2022
211130233,28/09/2022
211130247,28/09/2022
191130613,28/09/2022
211130246,28/09/2022
211130193,28/09/2022
221130032,28/09/2022
191130265,29/09/2022
221130297,29/09/2022
211130254,29/09/2022
211130211,29/09/2022
211130197,29/09/2022
211130214,29/09/2022
211130249,29/09/2022
221130507,29/09/2022
211130042,29/09/2022
221130299,30/09/2022
191130246,30/09/2022
181130417,04/10/2022
221130077,04/10/2022
181130108,05/10/2022
221130493,05/10/2022
201130373,05/10/2022
211130238,05/10/2022
221130292,05/10/2022
221130516,05/10/2022
181130424,05/10/2022
221130281,05/10/2022
191130329,05/10/2022
221130036,05/10/2022
221130238,05/10/2022
221130531,05/10/2022
211130041,05/10/2022
221130034,05/10/2022
201130042,05/10/2022
201130250,05/10/2022
221130078,06/10/2022
221130029,06/10/2022
211130269,07/10/2022
191130577,07/10/2022
221130023,07/10/2022
221130216,07/10/2022
221130039,07/10/2022
221130069,07/10/2022
221130041,07/10/2022
201130366,07/10/2022
201130259,07/10/2022
211130039,07/10/2022
221130244,07/10/2022
161130405,10/10/2022
171130356,10/10/2022
181130097,11/10/2022
181130096,11/10/2022
221130256,11/10/2022
181130072,13/10/2022
211130270,13/10/2022
221130294,13/10/2022
211130210,13/10/2022
201130239,13/10/2022
221130225,13/10/2022
221130488,13/10/2022
221130287,13/10/2022
211130256,13/10/2022
221130250,13/10/2022
191130261,13/10/2022
211130244,13/10/2022
221130005,13/10/2022
191210030,13/10/2022
191130309,13/10/2022
221130243,13/10/2022
191130305,13/10/2022
211130203,13/10/2022
221130028,13/10/2022
221130248,13/10/2022
191130045,13/10/2022
211130205,13/10/2022
211130227,13/10/2022
221130501,13/10/2022
191130259,13/10/2022
201130231,13/10/2022
201130227,13/10/2022
221130514,13/10/2022
181130257,13/10/2022
221130040,13/10/2022
221130251,13/10/2022
211130052,13/10/2022
181130411,13/10/2022
211130055,13/10/2022
181130122,13/10/2022
221130035,13/10/2022
181130130,13/10/2022
221130298,13/10/2022
191130287,13/10/2022
221130300,13/10/2022
181130401,13/10/2022
191130282,13/10/2022
211130037,13/10/2022
181130098,13/10/2022
